"PRODUCTID","SHORT_LBL","LONG_LBL","CODE_QUALIAC","CODE_DWH","CODE_CROAM","CODE_ERF","ETAT","PRODUCTIDEXT","TIMESTAMP","CURRENTVERSION","CREATIONDATE","MODDATE","MODUSER"
"CATQ_9CP","CHIR PLAST","CHIRURGIE PLASTIQUE","9CP","9CP","9CP","9CP","A","","HarmonyLot2 US7017",4,17/03/17,25/06/19,"neveub"
"CATQ_9DV","INCONNUS","MEDECINS INCONNUS","9DV","9DV","9DV","9DV","A","","HarmonyLot2 US7017",3,17/03/17,25/06/19,"neveub"
"CATQ_503","MAISON REP","MAISONS DE REPOS","503","503","503","503","A","","HarmonyLot2 US7017",3,17/03/17,25/06/19,"neveub"
"CATQ_9EN","ENDOCRINO","ENDOCRINOLOGIE","9EN","9EN","9EN","9EN","A","","HarmonyLot2 US7017",3,17/03/17,25/06/19,"neveub"
"CATQ_530","C.HOSPIT","CHU-CHR-CHG-HOPITAUX LOCAUX","530","530","530","530","A","","HarmonyLot2 US7017",4,17/03/17,25/06/19,"neveub"
"CATQ_RDI",".","DIVERS GENERAL","RDI","RDI","RDI","RDI","A","","HarmonyLot2 US7017",3,17/03/17,25/06/19,"neveub"
"CATQ_541","HOP.PSY","HOPITAUX PSYCHIATRIQUES","541","541","541","541","A","","HarmonyLot2 US7017",4,17/03/17,25/06/19,"neveub"
"CATQ_9NE","NEUROLOGIE","NEUROLOGIE","9NE","9NE","9NE","9NE","A","","HarmonyLot2 US7017",3,17/03/17,25/06/19,"neveub"
"CATQ_9RE","REANIMATIO","REANIMATION","9RE","9RE","9RE","9RE","A","","HarmonyLot2 US7017",3,17/03/17,25/06/19,"neveub"
"CATQ_9RM","INCONNUS","MEDECINS INCONNUS","9RM","9RM","9RM","9RM","A","","HarmonyLot2 US7017",3,17/03/17,25/06/19,"neveub"
"CATQ_899DT","AUTRES","AUTRES DOM TOM","899DT","899DT","899DT","899DT","A","","HarmonyLot2 US7017",3,17/03/17,25/06/19,"neveub"
"CATQ_C**","SUCCEDES","COMPTES SUCCEDES","C**","C**","C**","C**","A","","HarmonyLot2 US7017",3,17/03/17,25/06/19,"neveub"
"CATQ_201","MUTUALISTE","MUTUALISTE","201","201","201","201","A","","HarmonyLot2 US7017",4,17/03/17,25/06/19,"neveub"
"CATQ_G**","COMPTA","RESERVE COMPTABILITE","G**","G**","G**","G**","A","","HarmonyLot2 US7017",4,17/03/17,25/06/19,"neveub"
"CATQ_9CU","CHIR UROLO","CHIRURGIE UROLOGIQUE","9CU","9CU","9CU","9CU","A","","HarmonyLot2 US7017",3,17/03/17,25/06/19,"neveub"
"CATQ_202","SEC MINIER","SECOURS MINIER","202","202","202","202","A","","HarmonyLot2 US7017",4,17/03/17,25/06/19,"neveub"
"CATQ_RCV","AGENTS","VISITEURS MEDICAUX CARDIO-VASC","RCV","RCV","RCV","RCV","A","","HarmonyLot2 US7017",3,17/03/17,25/06/19,"neveub"
"CATQ_801DT","REPART","REPARTITEURS EXPORT","801DT","801DT","801DT","801DT","A","","HarmonyLot2 US7017",3,17/03/17,25/06/19,"neveub"
"CATQ_9GN","GENETIQUE","GENETIQUE","9GN","9GN","9GN","9GN","A","","HarmonyLot2 US7017",3,17/03/17,25/06/19,"neveub"
"CATQ_RGY","GYNECO","GYNECOLOGUES","RGY","RGY","RGY","RGY","A","","HarmonyLot2 US7017",3,17/03/17,25/06/19,"neveub"
"CATQ_9HM","HEMODIALYS","HEMODIALYSE","9HM","9HM","9HM","9HM","A","","HarmonyLot2 US7017",3,17/03/17,25/06/19,"neveub"
"CATQ_TBN","DOUGLAS","PARFUMERIES DOUGLAS","TBN","TBN","TBN","TBN","A","","HarmonyLot2 US7017",3,17/03/17,25/06/19,"neveub"
"CATQ_GZA","GAILLAC","GAILLAC","GZA","GZA","GZA","GZA","A","","HarmonyLot2 US7017",3,17/03/17,25/06/19,"neveub"
"CATQ_9HO","HYDROLOGIE","HYDROLOGIE","9HO","9HO","9HO","9HO","A","","HarmonyLot2 US7017",3,17/03/17,25/06/19,"neveub"
"CATQ_9IE","INFIRMIER","INFIRMIER","9IE","9IE","9IE","9IE","A","","HarmonyLot2 US7017",3,17/03/17,25/06/19,"neveub"
"CATQ_9NP","NEPHROLO","NEPHROLOGIE","9NP","9NP","9NP","9NP","A","","HarmonyLot2 US7017",3,17/03/17,25/06/19,"neveub"
"CATQ_5MR","MAISONS","MAISON DE RETRAITE","5MR","5MR","5MR","5MR","A","","HarmonyLot2 US7017",3,17/03/17,25/06/19,"neveub"
"CATQ_9CV","CHIR VASCU","CHIRURGIE VASCULAIRE","9CV","9CV","9CV","9CV","A","","HarmonyLot2 US7017",3,17/03/17,25/06/19,"neveub"
"CATQ_9RT","RADIOTHERA","RADIOTHERAPIE","9RT","9RT","9RT","9RT","A","","HarmonyLot2 US7017",3,17/03/17,25/06/19,"neveub"
"CATQ_HONO","FNR. HONO","FOURNISSEURS HONORAIRES","HONO","HONO","HONO","HONO","A","","HarmonyLot2 US7017",3,17/03/17,25/06/19,"neveub"
"CATQ_9CW","CHIRURGIE","CHIRURGIE DE LA MAIN ET DU MEM","9CW","9CW","9CW","9CW","A","","HarmonyLot2 US7017",3,17/03/17,25/06/19,"neveub"
"CATQ_2GA","CENTRALE D","CENTRALE D'ACHAT PHARMACEUTIQU","2GA","2GA","2GA","2GA","A","","HarmonyLot2 US7017",4,17/03/17,25/06/19,"neveub"
"CATQ_RCO","CONSEILLER","CONSEILLERES","RCO","RCO","RCO","RCO","A","","HarmonyLot2 US7017",3,17/03/17,25/06/19,"neveub"
"CATQ_532","RETRAITE","HOSPICES-MAISONS RETRAITE","532","532","532","532","A","","HarmonyLot2 US7017",4,17/03/17,25/06/19,"neveub"
"CATQ_533","DIVERS","DIVERS PRISONS","533","533","533","533","A","","HarmonyLot2 US7017",4,17/03/17,25/06/19,"neveub"
"CATQ_536","AP P-L-M","AP PARIS LYON MARSEILLE","536","536","536","536","A","","HarmonyLot2 US7017",4,17/03/17,25/06/19,"neveub"
"CATQ_RIO","AGENTS","REPRESENTANTS INCONNU","RIO","RIO","RIO","RIO","A","","HarmonyLot2 US7017",3,17/03/17,25/06/19,"neveub"
"CATQ_RMC","MERCHANDIS","MERCHANDISERS","RMC","RMC","RMC","RMC","A","","HarmonyLot2 US7017",3,17/03/17,25/06/19,"neveub"
"CATQ_9IF","MAL INFECT","MALADIES INFECTIEUSES","9IF","9IF","9IF","9IF","A","","HarmonyLot2 US7017",3,17/03/17,25/06/19,"neveub"
"CATQ_RVR","INTERSECTE","INTERSECTEURS","RVR","RVR","RVR","RVR","A","","HarmonyLot2 US7017",3,17/03/17,25/06/19,"neveub"
"CATQ_9MP","MED OSTHEO","MED.PHYSIQU-VERTEBRO-OSTHEOPAT","9MP","9MP","9MP","9MP","A","","HarmonyLot2 US7017",3,17/03/17,25/06/19,"neveub"
"CATQ_9MS","MED SPORT","MEDECINE SPORTIVE","9MS","9MS","9MS","9MS","A","","HarmonyLot2 US7017",3,17/03/17,25/06/19,"neveub"
"CATQ_9NU","NUTRITIONS","NUTRITIONS","9NU","9NU","9NU","9NU","A","","HarmonyLot2 US7017",4,17/03/17,25/06/19,"neveub"
"CATQ_Z1M","INCONNU","DIVERS INCONNU","Z1M","Z1M","Z1M","Z1M","A","","HarmonyLot2 US7017",3,17/03/17,25/06/19,"neveub"
"CATQ_809MG","MEDE GENE","MEDECINE GENERALE","809MG","809MG","809MG","809MG","A","","HarmonyLot2 US7017",3,17/03/17,25/06/19,"neveub"
"CATQ_9PE","PEDIATRIE","PEDIATRIE","9PE","9PE","9PE","9PE","A","","HarmonyLot2 US7017",3,17/03/17,25/06/19,"neveub"
"CATQ_ZR4","INCONNU","DIVERS INCONNU","ZR4","ZR4","ZR4","ZR4","A","","HarmonyLot2 US7017",3,17/03/17,25/06/19,"neveub"
"CATQ_80TDT","PARFUMERIE","PARFUMERIE DOM TOM","80TDT","80TDT","80TDT","80TDT","A","","HarmonyLot2 US7017",3,17/03/17,25/06/19,"neveub"
"CATQ_810","RETRAIT","RETRAITEMENTS","810","810","810","810","A","","HarmonyLot2 US7017",3,17/03/17,25/06/19,"neveub"
"CATQ_9RD","RADIOLO","RADIOLOGIE (RADIO DIAGNOSTIC)","9RD","9RD","9RD","9RD","A","","HarmonyLot2 US7017",3,17/03/17,25/06/19,"neveub"
"CATQ_9RF","REEDUC FON","REEDUCATION FONCTIONNELLE","9RF","9RF","9RF","9RF","A","","HarmonyLot2 US7017",4,17/03/17,25/06/19,"neveub"
"CATQ_9RH","RHUMATO","RHUMATOLOGIE","9RH","9RH","9RH","9RH","A","","HarmonyLot2 US7017",3,17/03/17,25/06/19,"neveub"
"CATQ_9SF","SAGE FEMME","SAGE FEMME","9SF","9SF","9SF","9SF","A","","HarmonyLot2 US7017",4,17/03/17,25/06/19,"neveub"
"CATQ_999","AUTRES","AUTRES MEDECINS","999","999","999","999","A","","HarmonyLot2 US7017",3,17/03/17,25/06/19,"neveub"
"CATQ_9SM","INCONNUS","MEDECINS INCONNUS","9SM","9SM","9SM","9SM","A","","HarmonyLot2 US7017",3,17/03/17,25/06/19,"neveub"
"CATQ_9SS","MED SECURI","MEDECINE DES CAISSES DE SECURI","9SS","9SS","9SS","9SS","A","","HarmonyLot2 US7017",3,17/03/17,25/06/19,"neveub"
"CATQ_9BA","BACTERIO","BACTERIOLOGIE","9BA","9BA","9BA","9BA","A","","HarmonyLot2 US7017",3,17/03/17,25/06/19,"neveub"
"CATQ_1**","REPART","REPARTITEURS","1**","1**","1**","1**","A","","HarmonyLot2 US7017",4,17/03/17,25/06/19,"neveub"
"CATQ_9CI","CHIR. INFA","CHIRURGIE INFANTILE","9CI","9CI","9CI","9CI","A","","HarmonyLot2 US7017",3,17/03/17,25/06/19,"neveub"
"CATQ_9CM","CHIR FACIA","CHIRURGIE MAXILLO FACIALE","9CM","9CM","9CM","9CM","A","","HarmonyLot2 US7017",3,17/03/17,25/06/19,"neveub"
"CATQ_FEC","ECOLE","ECOLES DE COIFFURES","FEC","FEC","FEC","FEC","A","","HarmonyLot2 US7017",4,17/03/17,25/06/19,"neveub"
"CATQ_9CT","CHIR TRAUM","CHIRURGIE TRAUMATOLOGIQUE","9CT","9CT","9CT","9CT","A","","HarmonyLot2 US7017",3,17/03/17,25/06/19,"neveub"
"CATQ_M**","ESPACE SAN","ESPACES SANTE","M**","M**","M**","M**","A","","HarmonyLot2 US7017",4,17/03/17,25/06/19,"neveub"
"CATQ_9DD","STE 452","STE 452 : DIVERS FOURNISSEURS","9DD","9DD","9DD","9DD","A","","HarmonyLot2 US7017",4,17/03/17,25/06/19,"neveub"
"CATQ_9DE","DERMATO","DERMATOLOGIE","9DE","9DE","9DE","9DE","A","","HarmonyLot2 US7017",4,17/03/17,25/06/19,"neveub"
"CATQ_PAS","ASSOCI.","CLUB DE SPORT ASSOCIATION","PAS","PAS","PAS","PAS","A","","HarmonyLot2 US7017",3,17/03/17,25/06/19,"neveub"
"CATQ_4**","PODOLOGUES","PODOLOGUES","4**","4**","4**","4**","A","","HarmonyLot2 US7017",4,17/03/17,25/06/19,"neveub"
"CATQ_9EH","MED ESTH","MEDECINE ESTHETIQUE","9EH","9EH","9EH","9EH","A","","HarmonyLot2 US7017",4,17/03/17,25/06/19,"neveub"
"CATQ_PHA","HAND","CLUB DE SPORT HANDBALL","PHA","PHA","PHA","PHA","A","","HarmonyLot2 US7017",3,17/03/17,25/06/19,"neveub"
"CATQ_501","HOPITAUX","HOPITAUX","501","501","501","501","A","","HarmonyLot2 US7017",3,17/03/17,25/06/19,"neveub"
"CATQ_502","CLINIQUES","CLINIQUES","502","502","502","502","A","","HarmonyLot2 US7017",3,17/03/17,25/06/19,"neveub"
"CATQ_PVO","VOLLEY","CLUB DE VOLLEY-BALL","PVO","PVO","PVO","PVO","A","","HarmonyLot2 US7017",3,17/03/17,25/06/19,"neveub"
"CATQ_Q**","GD DISTRIB","GRANDE DISTRIBUTION","Q**","Q**","Q**","Q**","A","","HarmonyLot2 US7017",4,17/03/17,25/06/19,"neveub"
"CATQ_9EX","EXTERNES","EXTERNES","9EX","9EX","9EX","9EX","A","","HarmonyLot2 US7017",3,17/03/17,25/06/19,"neveub"
"CATQ_531","HOP.PSY","HOPITAUX PSYCHIATRIQUES","531","531","531","531","A","","HarmonyLot2 US7017",4,17/03/17,25/06/19,"neveub"
"CATQ_9GA","GAST ENTER","GASTRO ENTEROLOGIE","9GA","9GA","9GA","9GA","A","","HarmonyLot2 US7017",3,17/03/17,25/06/19,"neveub"
"CATQ_540","CLINIQUES","CLINIQUES","540","540","540","540","A","","HarmonyLot2 US7017",4,17/03/17,25/06/19,"neveub"
"CATQ_9HG","HYGIENE","HYGIENE HOSPITALIERE","9HG","9HG","9HG","9HG","A","","HarmonyLot2 US7017",3,17/03/17,25/06/19,"neveub"
"CATQ_RON","AGENTS","VISITEURS MEDICAUX ONCOLOGIE","RON","RON","RON","RON","A","","HarmonyLot2 US7017",3,17/03/17,25/06/19,"neveub"
"CATQ_5DI","H.VETO","VETERINAIRE ET AUTRES","5DI","5DI","5DI","5DI","A","","HarmonyLot2 US7017",4,17/03/17,25/06/19,"neveub"
"CATQ_5GR","GPT VET","GPT VETERINAIRE","5GR","5GR","5GR","5GR","A","","HarmonyLot2 US7017",3,17/03/17,25/06/19,"neveub"
"CATQ_RRH","RHUMENDO","RHUMATOLOGUES - ENDOCRINOLOGUE","RRH","RRH","RRH","RRH","A","","HarmonyLot2 US7017",3,17/03/17,25/06/19,"neveub"
"CATQ_9IN","INTERNES","INTERNES","9IN","9IN","9IN","9IN","A","","HarmonyLot2 US7017",3,17/03/17,25/06/19,"neveub"
"CATQ_RRO","AGENTS","REPRESENTANTS INCONNU","RRO","RRO","RRO","RRO","A","","HarmonyLot2 US7017",3,17/03/17,25/06/19,"neveub"
"CATQ_9KI","KINESITHER","KINESITHERAPIE","9KI","9KI","9KI","9KI","A","","HarmonyLot2 US7017",3,17/03/17,25/06/19,"neveub"
"CATQ_RRR","AGENTS","REPRESENTANTS INCONNU","RRR","RRR","RRR","RRR","A","","HarmonyLot2 US7017",3,17/03/17,25/06/19,"neveub"
"CATQ_800","INCONNU","INTERNATIONAL INCONNU","800","800","800","800","A","","HarmonyLot2 US7017",3,17/03/17,25/06/19,"neveub"
"CATQ_9MH","MEDE HONO","MEDECINS HONORAIRES","9MH","9MH","9MH","9MH","A","","HarmonyLot2 US7017",3,17/03/17,25/06/19,"neveub"
"CATQ_9MI","MEDE INTER","MEDECINE INTERNE","9MI","9MI","9MI","9MI","A","","HarmonyLot2 US7017",3,17/03/17,25/06/19,"neveub"
"CATQ_U**","CEN. PREV","CENTRE DE PREVENTION","U**","U**","U**","U**","A","","HarmonyLot2 US7017",4,17/03/17,25/06/19,"neveub"
"CATQ_W**","CTRE FORME","CENTRE DE REMISE EN FORME","W**","W**","W**","W**","A","","HarmonyLot2 US7017",4,17/03/17,25/06/19,"neveub"
"CATQ_805DT","HOPITAL","HOPITAL DOM TOM","805DT","805DT","805DT","805DT","A","","HarmonyLot2 US7017",3,17/03/17,25/06/19,"neveub"
"CATQ_Y**","MAG POP","MAGASINS POPULAIRES","Y**","Y**","Y**","Y**","A","","HarmonyLot2 US7017",4,17/03/17,25/06/19,"neveub"
"CATQ_Z00","CPT INTERN","COMPTES INTERNES","Z00","Z00","Z00","Z00","A","","HarmonyLot2 US7017",4,17/03/17,25/06/19,"neveub"
"CATQ_9OD","ORTHODONTI","ORTHODONTIE","9OD","9OD","9OD","9OD","A","","HarmonyLot2 US7017",3,17/03/17,25/06/19,"neveub"
"CATQ_9OE","CODE CSP I","CODE CSP INCONNU","9OE","9OE","9OE","9OE","A","","HarmonyLot2 US7017",3,17/03/17,25/06/19,"neveub"
"CATQ_9OF","ORTHOPHONI","ORTHOPHONIE","9OF","9OF","9OF","9OF","A","","HarmonyLot2 US7017",3,17/03/17,25/06/19,"neveub"
"CATQ_ZAC","PREST ACTI","PRESTATAIRES ACTIPHARM","ZAC","ZAC","ZAC","ZAC","A","","HarmonyLot2 US7017",3,17/03/17,25/06/19,"neveub"
"CATQ_9PD","PODOLOGIE","PODOLOGIE","9PD","9PD","9PD","9PD","A","","HarmonyLot2 US7017",3,17/03/17,25/06/19,"neveub"
"CATQ_9PL","PHLEBOLO","PHLEBOLOGIE - ANGIOLOGIE","9PL","9PL","9PL","9PL","A","","HarmonyLot2 US7017",4,17/03/17,25/06/19,"neveub"
"CATQ_9PO","PHARM NHOS","PHARMACIE (NON HOSPITALIER)","9PO","9PO","9PO","9PO","A","","HarmonyLot2 US7017",3,17/03/17,25/06/19,"neveub"
"CATQ_80PDT","PODOLOGUES","PODOLOGUES DOM TOM","80PDT","80PDT","80PDT","80PDT","A","","HarmonyLot2 US7017",3,17/03/17,25/06/19,"neveub"
"CATQ_9PQ","PEDICURE-P","PEDICURE-PODOLOGIE","9PQ","9PQ","9PQ","9PQ","A","","HarmonyLot2 US7017",3,17/03/17,25/06/19,"neveub"
"CATQ_80T","PARFUMERIE","PARFUMERIES","80T","80T","80T","80T","A","","HarmonyLot2 US7017",3,17/03/17,25/06/19,"neveub"
"CATQ_9PU","PUERICULT","PUERICULTURE","9PU","9PU","9PU","9PU","A","","HarmonyLot2 US7017",3,17/03/17,25/06/19,"neveub"
"CATQ_80TAD","PARF AND","PARFUMERIES ANDORRE","80TAD","80TAD","80TAD","80TAD","A","","HarmonyLot2 US7017",3,17/03/17,25/06/19,"neveub"
"CATQ_9PW","PARODONTOL","PARODONTOLOGIE","9PW","9PW","9PW","9PW","A","","HarmonyLot2 US7017",3,17/03/17,25/06/19,"neveub"
"CATQ_9PY","INCONNUS","MEDECINS INCONNUS","9PY","9PY","9PY","9PY","A","","HarmonyLot2 US7017",3,17/03/17,25/06/19,"neveub"
"CATQ_9RA","RADIOLOGIE","RADIOLOGIE","9RA","9RA","9RA","9RA","A","","HarmonyLot2 US7017",3,17/03/17,25/06/19,"neveub"
"CATQ_811","FILIALE DR","FILIALE DRP","811","811","811","811","A","","HarmonyLot2 US7017",4,17/03/17,25/06/19,"neveub"
"CATQ_899AD","AUTRES AND","AUTRES ANDORRE","899AD","899AD","899AD","899AD","A","","HarmonyLot2 US7017",3,17/03/17,25/06/19,"neveub"
"CATQ_9RP","CODE CSP I","CODE CSP INCONNU","9RP","9RP","9RP","9RP","A","","HarmonyLot2 US7017",3,17/03/17,25/06/19,"neveub"
"CATQ_8EC","ECHANTILLO","ECHANTILLOTHEQUE","8EC","8EC","8EC","E**","A","","HarmonyLot2 US7017",4,17/03/17,25/06/19,"neveub"
"CATQ_8F0DT","MAG/DEP DT","MAGASINS/DEPOTS DOM TOM","8F0DT","8F0DT","8F0DT","8F0DT","A","","HarmonyLot2 US7017",3,17/03/17,25/06/19,"neveub"
"CATQ_9**","MEDECINS","MEDECINS","9**","9**","9**","9**","A","","HarmonyLot2 US7017",4,17/03/17,25/06/19,"neveub"
"CATQ_9SL","SAGE FEMME","SAGE FEMME LIBERALE","9SL","9SL","9SL","9SL","A","","HarmonyLot2 US7017",4,17/03/17,25/06/19,"neveub"
"CATQ_9AC","ACUPUNC","ACUPUNCTURE","9AC","9AC","9AC","9AC","A","","HarmonyLot2 US7017",3,17/03/17,25/06/19,"neveub"
"CATQ_9AG","ALCOOLOGIE","ALCOOLOGIE","9AG","9AG","9AG","9AG","A","","HarmonyLot2 US7017",3,17/03/17,25/06/19,"neveub"
"CATQ_9AL","ALLERG-IMM","ALLERGOLOGIE-IMMUNOLOGIE","9AL","9AL","9AL","9AL","A","","HarmonyLot2 US7017",4,17/03/17,25/06/19,"neveub"
"CATQ_9SX","SEXOLOGIE","SEXOLOGIE","9SX","9SX","9SX","9SX","A","","HarmonyLot2 US7017",3,17/03/17,25/06/19,"neveub"
"CATQ_9AN","ANESTHESIE","ANESTHESIOLOGIE","9AN","9AN","9AN","9AN","A","","HarmonyLot2 US7017",4,17/03/17,25/06/19,"neveub"
"CATQ_9AP","ANAT-PATHO","ANATOMO-PATHOLOGIE","9AP","9AP","9AP","9AP","A","","HarmonyLot2 US7017",3,17/03/17,25/06/19,"neveub"
"CATQ_9UR","UROLOGIE","UROLOGIE","9UR","9UR","9UR","9UR","A","","HarmonyLot2 US7017",3,17/03/17,25/06/19,"neveub"
"CATQ_9CC","CHIR. CARD","CHIRURGIE CARDIAQUE","9CC","9CC","9CC","9CC","A","","HarmonyLot2 US7017",3,17/03/17,25/06/19,"neveub"
"CATQ_D**","DENTISTES","CHIRURGIENS DENTISTES","D**","D**","D**","D**","A","","HarmonyLot2 US7017",4,17/03/17,25/06/19,"neveub"
"CATQ_9CH","CHIRURGIEN","CHIRURGIEN","9CH","9CH","9CH","9CH","A","","HarmonyLot2 US7017",4,17/03/17,25/06/19,"neveub"
"CATQ_9CN","INCONNUS","MEDECINS INCONNUS","9CN","9CN","9CN","9CN","A","","HarmonyLot2 US7017",3,17/03/17,25/06/19,"neveub"
"CATQ_I**","CRECHES","CRECHES","I**","I**","I**","I**","A","","HarmonyLot2 US7017",4,17/03/17,25/06/19,"neveub"
"CATQ_9DT","DIETETIQUE","DIETETIQUE","9DT","9DT","9DT","9DT","A","","HarmonyLot2 US7017",3,17/03/17,25/06/19,"neveub"
"CATQ_3**","KINE","KINESITHERAPEUTES","3**","3**","3**","3**","A","","HarmonyLot2 US7017",4,17/03/17,25/06/19,"neveub"
"CATQ_9EHDT","MED DT","MEDECIN ESTHETIQUE DOM TOM","9EHDT","9EHDT","9EHDT","9EHDT","A","","HarmonyLot2 US7017",3,17/03/17,25/06/19,"neveub"
"CATQ_PRU","RUGBY","CLUB DE SPORT RUGBY","PRU","PRU","PRU","PRU","A","","HarmonyLot2 US7017",3,17/03/17,25/06/19,"neveub"
"CATQ_9EL","IMAGERIE M","IMAGERIE MEDICALE","9EL","9EL","9EL","9EL","A","","HarmonyLot2 US7017",4,17/03/17,25/06/19,"neveub"
"CATQ_R**","AGENTS","REPRESENTANTS","R**","R**","R**","R**","A","","HarmonyLot2 US7017",4,17/03/17,25/06/19,"neveub"
"CATQ_RCA","CARDIO","CARDIOLOGUES","RCA","RCA","RCA","RCA","A","","HarmonyLot2 US7017",3,17/03/17,25/06/19,"neveub"
"CATQ_9OC","ODONTOLOGI","ODONTOLOGIE","9OC","9OC","9OC","9OC","A","","HarmonyLot2 US7017",3,17/03/17,25/06/19,"neveub"
"CATQ_Z05","DIVERS FAC","DIVERS FACULTE PHIE","Z05","Z05","Z05","Z05","A","","HarmonyLot2 US7017",3,17/03/17,25/06/19,"neveub"
"CATQ_9ON","ONCO-CANCE","ONCOLOGIE-CARCINOLOGIE-CANCERO","9ON","9ON","9ON","9ON","A","","HarmonyLot2 US7017",3,17/03/17,25/06/19,"neveub"
"CATQ_Z99","AUTRES","AUTRES","Z99","Z99","Z99","Z99","A","","HarmonyLot2 US7017",4,17/03/17,25/06/19,"neveub"
"CATQ_80B","INTERNATIO","INTERNATIONAL BUDGET","80B","80B","80B","80B","A","","HarmonyLot2 US7017",3,17/03/17,25/06/19,"neveub"
"CATQ_9PC","PROCTOLO","PROCTOLOGIE","9PC","9PC","9PC","9PC","A","","HarmonyLot2 US7017",3,17/03/17,25/06/19,"neveub"
"CATQ_ZPH","PHARMAREP","PRESTATAIRES PHARMAREPS","ZPH","ZPH","ZPH","ZPH","A","","HarmonyLot2 US7017",3,17/03/17,25/06/19,"neveub"
"CATQ_ZPU","INCONNU","DIVERS INCONNU","ZPU","ZPU","ZPU","ZPU","A","","HarmonyLot2 US7017",3,17/03/17,25/06/19,"neveub"
"CATQ_ZR1","INCONNU","DIVERS INCONNU","ZR1","ZR1","ZR1","ZR1","A","","HarmonyLot2 US7017",3,17/03/17,25/06/19,"neveub"
"CATQ_80N","GD MAGASIN","GRANDS MAGASINS","80N","80N","80N","80N","A","","HarmonyLot2 US7017",3,17/03/17,25/06/19,"neveub"
"CATQ_9PP","PROPHARM","PRO-PHARMACIE","9PP","9PP","9PP","9PP","A","","HarmonyLot2 US7017",3,17/03/17,25/06/19,"neveub"
"CATQ_9PS","PSYCHIATRI","PSYCHIATRIE","9PS","9PS","9PS","9PS","A","","HarmonyLot2 US7017",4,17/03/17,25/06/19,"neveub"
"CATQ_9PT","PNEUMOPHIS","PNEUMOLOGIE-PHTISIOLOGIE","9PT","9PT","9PT","9PT","A","","HarmonyLot2 US7017",3,17/03/17,25/06/19,"neveub"
"CATQ_9CY","CHIRURGIE","CHIRURGIE GYNECOLOGIQUE","9CY","9CY","9CY","9CY","A","","HarmonyLot2 US7017",4,17/03/17,25/06/19,"neveub"
"CATQ_9DA","DIABETO","DIABETOLOGIE","9DA","9DA","9DA","9DA","A","","HarmonyLot2 US7017",3,17/03/17,25/06/19,"neveub"
"CATQ_N**","GD MAGASIN","GRANDS MAGASINS","N**","N**","N**","N**","A","","HarmonyLot2 US7017",4,17/03/17,25/06/19,"neveub"
"CATQ_9EG","ECHOGRAPH","ECHOGRAPHIE","9EG","9EG","9EG","9EG","A","","HarmonyLot2 US7017",3,17/03/17,25/06/19,"neveub"
"CATQ_PFO","FOOT","CLUB DE SPORT FOOT","PFO","PFO","PFO","PFO","A","","HarmonyLot2 US7017",3,17/03/17,25/06/19,"neveub"
"CATQ_RDE","AGENTS","REPRESENTANTS INCONNU","RDE","RDE","RDE","RDE","A","","HarmonyLot2 US7017",3,17/03/17,25/06/19,"neveub"
"CATQ_534","CANCEREUX","CA CANCEREUX","534","534","534","534","A","","HarmonyLot2 US7017",4,17/03/17,25/06/19,"neveub"
"CATQ_9GY","GYNECO","GYNECOLOGIE","9GY","9GY","9GY","9GY","A","","HarmonyLot2 US7017",4,17/03/17,25/06/19,"neveub"
"CATQ_9HE","HEMATO","HEMATOLOGIE","9HE","9HE","9HE","9HE","A","","HarmonyLot2 US7017",3,17/03/17,25/06/19,"neveub"
"CATQ_544","H.LOCAUX","HOPITAUX LOCAUX","544","544","544","544","A","","HarmonyLot2 US7017",4,17/03/17,25/06/19,"neveub"
"CATQ_8**","INTERNATIO","INTERNATIONAL","8**","8**","8**","8**","A","","HarmonyLot2 US7017",3,17/03/17,25/06/19,"neveub"
"CATQ_RSI","AGENTS","REPRESENTANTS INCONNU","RSI","RSI","RSI","RSI","A","","HarmonyLot2 US7017",3,17/03/17,25/06/19,"neveub"
"CATQ_801","REPART","REPARTITEURS","801","801","801","1**","A","","HarmonyLot2 US7017",5,17/03/17,25/06/19,"neveub"
"CATQ_9MN","MEDE NUCLE","MEDECINE NUCLEAIRE","9MN","9MN","9MN","9MN","A","","HarmonyLot2 US7017",3,17/03/17,25/06/19,"neveub"
"CATQ_804","FILIALE","FILIALE","804","804","804","804","A","","HarmonyLot2 US7017",4,17/03/17,25/06/19,"neveub"
"CATQ_Z10","PREST MED","PRESTATAIRES MEDICAUX","Z10","Z10","Z10","Z10","A","","HarmonyLot2 US7017",3,17/03/17,25/06/19,"neveub"
"CATQ_809DT","MED","MEDECIN DOM TOM","809DT","809DT","809DT","809DT","A","","HarmonyLot2 US7017",3,17/03/17,25/06/19,"neveub"
"CATQ_809GY","GYNECO","GYNECOLOGIE","809GY","809GY","809GY","809GY","A","","HarmonyLot2 US7017",3,17/03/17,25/06/19,"neveub"
"CATQ_809ME","MEDECIN ES","MEDECIN ESTHETIQUE","809ME","809ME","809ME","809ME","A","","HarmonyLot2 US7017",3,17/03/17,25/06/19,"neveub"
"CATQ_ZME","PREST MEDI","PRESTATAIRES MEDIREPS","ZME","ZME","ZME","ZME","A","","HarmonyLot2 US7017",3,17/03/17,25/06/19,"neveub"
"CATQ_80DDT","DENTISTE","DENTISTE DOM TOM","80DDT","80DDT","80DDT","80DDT","A","","HarmonyLot2 US7017",3,17/03/17,25/06/19,"neveub"
"CATQ_812","FIL DOLISO","FILIALE DOLISOS","812","812","812","812","A","","HarmonyLot2 US7017",3,17/03/17,25/06/19,"neveub"
"CATQ_F**","COIFFEURS","COIFFEURS","F**","F**","F**","F**","A","","HarmonyLot2 US7017",4,17/03/17,25/06/19,"neveub"
"CATQ_F21","INST CAPIL","INSTITUTS DE SOINS CAPILAIRES","F21","F21","F21","F21","A","","HarmonyLot2 US7017",4,17/03/17,25/06/19,"neveub"
"CATQ_H**","MATERNITES","MATERNITES","H**","H**","H**","H**","A","","HarmonyLot2 US7017",4,17/03/17,25/06/19,"neveub"
"CATQ_2**","PHARMA","PHARMACIENS","2**","2**","2**","2**","A","","HarmonyLot2 US7017",4,17/03/17,25/06/19,"neveub"
"CATQ_J**","INST BEAUT","INSTITUTS DE BEAUTE","J**","J**","J**","J**","A","","HarmonyLot2 US7017",4,17/03/17,25/06/19,"neveub"
"CATQ_204","PROPHAR","PROPHARMACIEN","204","204","204","204","A","","HarmonyLot2 US7017",3,17/03/17,25/06/19,"neveub"
"CATQ_9GE","GERIA-GERO","GERIATRIE-GERONTOLOGIE","9GE","9GE","9GE","9GE","A","","HarmonyLot2 US7017",4,17/03/17,25/06/19,"neveub"
"CATQ_535","H.MILITAIR","HOPITAUX MILITAIRES","535","535","535","535","A","","HarmonyLot2 US7017",4,17/03/17,25/06/19,"neveub"
"CATQ_RFA","AGENTS","VISITEURS MEDICAUX FABRE","RFA","RFA","RFA","RFA","A","","HarmonyLot2 US7017",3,17/03/17,25/06/19,"neveub"
"CATQ_542","RETRAITE","HOSPICES-MAISONS RETRAITE","542","542","542","542","A","","HarmonyLot2 US7017",4,17/03/17,25/06/19,"neveub"
"CATQ_RIN","AGENTS","VISITEURS MEDICAUX INAVA","RIN","RIN","RIN","RIN","A","","HarmonyLot2 US7017",3,17/03/17,25/06/19,"neveub"
"CATQ_599","AUTRES","AUTRES","599","599","599","599","A","","HarmonyLot2 US7017",4,17/03/17,25/06/19,"neveub"
"CATQ_9ME","MESOTHERAP","MEDECINE ESTHET - MESOTHERAPIE","9ME","9ME","9ME","9ME","A","","HarmonyLot2 US7017",4,17/03/17,25/06/19,"neveub"
"CATQ_9MG","MEDE GENE","MEDECINE GENERALE","9MG","9MG","9MG","9MG","A","","HarmonyLot2 US7017",4,17/03/17,25/06/19,"neveub"
"CATQ_RVM","VISITEURS","VISITEURS MEDICAUX","RVM","RVM","RVM","RVM","A","","HarmonyLot2 US7017",3,17/03/17,25/06/19,"neveub"
"CATQ_S**","VENTE/CORR","VENTE PAR CORRESPONDANCE","S**","S**","S**","S**","A","","HarmonyLot2 US7017",3,17/03/17,25/06/19,"neveub"
"CATQ_T**","PARFUMERIE","PARFUMERIES","T**","T**","T**","T**","A","","HarmonyLot2 US7017",4,17/03/17,25/06/19,"neveub"
"CATQ_9MT","MED TRAVAI","MEDECINE DU TRAVAIL","9MT","9MT","9MT","9MT","A","","HarmonyLot2 US7017",3,17/03/17,25/06/19,"neveub"
"CATQ_Z**","DIVERS","DIVERS","Z**","Z**","Z**","Z**","A","","HarmonyLot2 US7017",4,17/03/17,25/06/19,"neveub"
"CATQ_9OB","OBSTETRIQ","OBSTETRIQUE","9OB","9OB","9OB","9OB","A","","HarmonyLot2 US7017",3,17/03/17,25/06/19,"neveub"
"CATQ_Z04","DIVERS CFA","DIVERS CFA","Z04","Z04","Z04","Z04","A","","HarmonyLot2 US7017",3,17/03/17,25/06/19,"neveub"
"CATQ_9OP","OPHTALMO","OPHTALMOLOGIE","9OP","9OP","9OP","9OP","A","","HarmonyLot2 US7017",4,17/03/17,25/06/19,"neveub"
"CATQ_9OR","OTE-RHINO","OTO-RHINO-LARYNGOLOGIE","9OR","9OR","9OR","9OR","A","","HarmonyLot2 US7017",4,17/03/17,25/06/19,"neveub"
"CATQ_9OT","ORTHOPEDIE","ORTHOPEDIE","9OT","9OT","9OT","9OT","A","","HarmonyLot2 US7017",4,17/03/17,25/06/19,"neveub"
"CATQ_9PA","PHARMACO","PHARMACOLOGIE","9PA","9PA","9PA","9PA","A","","HarmonyLot2 US7017",3,17/03/17,25/06/19,"neveub"
"CATQ_80D","DENTISTES","DENTISTES","80D","80D","80D","80D","A","","HarmonyLot2 US7017",3,17/03/17,25/06/19,"neveub"
"CATQ_80FDT","COIFFEUR","COIFFEUR DOM TOM","80FDT","80FDT","80FDT","80FDT","A","","HarmonyLot2 US7017",3,17/03/17,25/06/19,"neveub"
"CATQ_ZR3","RZO VM PFD","RZO VM PFD","ZR3","ZR3","ZR3","ZR3","A","","HarmonyLot2 US7017",3,17/03/17,25/06/19,"neveub"
"CATQ_9PN","PHONIATRIE","PHONIATRIE","9PN","9PN","9PN","9PN","A","","HarmonyLot2 US7017",3,17/03/17,25/06/19,"neveub"
"CATQ_9CR","CHIR ORTHO","CHIRURGIE ORTHOPEDIQUE","9CR","9CR","9CR","9CR","A","","HarmonyLot2 US7017",3,17/03/17,25/06/19,"neveub"
"CATQ_9CS","CHIR VISCE","CHIRURGIE VISCERALE","9CS","9CS","9CS","9CS","A","","HarmonyLot2 US7017",3,17/03/17,25/06/19,"neveub"
"CATQ_K**","CLT SS TVA","CLIENTS SANS TVA","K**","K**","K**","K**","A","","HarmonyLot2 US7017",3,17/03/17,25/06/19,"neveub"
"CATQ_K91","TRANSPORT","TRANSPORTEURS","K91","K91","K91","K91","A","","HarmonyLot2 US7017",4,17/03/17,25/06/19,"neveub"
"CATQ_9CX","INCONNUS","MEDECINS INCONNUS","9CX","9CX","9CX","9CX","A","","HarmonyLot2 US7017",3,17/03/17,25/06/19,"neveub"
"CATQ_2GR","GROUPEMENT","GROUPEMENT","2GR","2GR","2GR","2GR","A","","HarmonyLot2 US7017",4,17/03/17,25/06/19,"neveub"
"CATQ_PAT","ATHLETISME","CLUB DE SPORT ATHLETISME","PAT","PAT","PAT","PAT","A","","HarmonyLot2 US7017",3,17/03/17,25/06/19,"neveub"
"CATQ_5**","HOPITAUX","HOPITAUX/CLINIQUES","5**","5**","5**","5**","A","","HarmonyLot2 US7017",3,17/03/17,25/06/19,"neveub"
"CATQ_9EI","ECHOTOMOGR","ECHOTOMOGRAPHIE DOPPLER","9EI","9EI","9EI","9EI","A","","HarmonyLot2 US7017",3,17/03/17,25/06/19,"neveub"
"CATQ_505","CLIN VETO","CLINIQUES VETERINAIRES","505","505","505","505","A","","HarmonyLot2 US7017",3,17/03/17,25/06/19,"neveub"
"CATQ_RFO","FORMATEURS","FORMATEURS","RFO","RFO","RFO","RFO","A","","HarmonyLot2 US7017",3,17/03/17,25/06/19,"neveub"
"CATQ_9HL","HOMEOPATHI","HOMEOPATHIE","9HL","9HL","9HL","9HL","A","","HarmonyLot2 US7017",3,17/03/17,25/06/19,"neveub"
"CATQ_543","DIVERS","DIVERS - MAISON CONVALESCENCE","543","543","543","543","A","","HarmonyLot2 US7017",4,17/03/17,25/06/19,"neveub"
"CATQ_RPS","AGENTS PSY","AGENTS PSY","RPS","RPS","RPS","RPS","A","","HarmonyLot2 US7017",3,17/03/17,25/06/19,"neveub"
"CATQ_9IM","INFIRMIERE","INFIRMIERES","9IM","9IM","9IM","9IM","A","","HarmonyLot2 US7017",4,17/03/17,25/06/19,"neveub"
"CATQ_6**","CP AERIEN","COMPAGNIE AERIENNE","6**","6**","6**","6**","A","","HarmonyLot2 US7017",4,17/03/17,25/06/19,"neveub"
"CATQ_RSR","AGENTS","SINBIO ROBA","RSR","RSR","RSR","RSR","A","","HarmonyLot2 US7017",3,17/03/17,25/06/19,"neveub"
"CATQ_Z01","SHISEIDO","SHISEIDO","Z01","Z01","Z01","Z01","A","","HarmonyLot2 US7017",3,17/03/17,25/06/19,"neveub"
"CATQ_80FAD","COIF AND","COIFFEURS ANDORRE","80FAD","80FAD","80FAD","80FAD","A","","HarmonyLot2 US7017",3,17/03/17,25/06/19,"neveub"
"CATQ_9PH","PHARM HOSP","PHARMACIEN HOSPITALIER","9PH","9PH","9PH","9PH","A","","HarmonyLot2 US7017",3,17/03/17,25/06/19,"neveub"
"CATQ_80M","ESPACES SA","ESPACES SANTE","80M","80M","80M","80M","A","","HarmonyLot2 US7017",3,17/03/17,25/06/19,"neveub"
"CATQ_ZRE","REPSCO","PRESTATAIRES REPSCO","ZRE","ZRE","ZRE","ZRE","A","","HarmonyLot2 US7017",3,17/03/17,25/06/19,"neveub"
"CATQ_8O","INCONNU","INTERNATIONAL INCONNU","8O","8O","8O","8O","A","","HarmonyLot2 US7017",3,17/03/17,25/06/19,"neveub"
"CATQ_9TB","CODE CSP I","CODE CSP INCONNU","9TB","9TB","9TB","9TB","A","","HarmonyLot2 US7017",3,17/03/17,25/06/19,"neveub"
"CATQ_9UG","URGENCES","URGENCES (SOS MEDECINS)","9UG","9UG","9UG","9UG","A","","HarmonyLot2 US7017",3,17/03/17,25/06/19,"neveub"
"CATQ_9AR","CARDIO","CARDIOLOGIE","9AR","9AR","9AR","9AR","A","","HarmonyLot2 US7017",4,17/03/17,25/06/19,"neveub"
"CATQ_9AU","AURICULOTH","AURICULOTHERAPIE","9AU","9AU","9AU","9AU","A","","HarmonyLot2 US7017",3,17/03/17,25/06/19,"neveub"
"CATQ_9BI","BIOLOGIE","BIOLOGIE","9BI","9BI","9BI","9BI","A","","HarmonyLot2 US7017",3,17/03/17,25/06/19,"neveub"
"CATQ_9CB","CODE CSP I","CODE CSP INCONNU","9CB","9CB","9CB","9CB","A","","HarmonyLot2 US7017",3,17/03/17,25/06/19,"neveub"
"CATQ_9CD","MEDECINS","MEDECINS INCONNUS","9CD","9CD","9CD","9CD","A","","HarmonyLot2 US7017",3,17/03/17,25/06/19,"neveub"
"CATQ_EDF","EDF-GDF","EDF-GDF","EDF","EDF","EDF","EDF","A","","HarmonyLot2 US7017",3,17/03/17,25/06/19,"neveub"
"CATQ_89","INCONNU","INTERNATIONAL INCONNU","89","89","89","B**","A","","HarmonyLot2 US7017",5,17/03/17,25/06/19,"neveub"
"CATQ_9SA","CODE CSP I","CODE CSP INCONNU","9SA","9SA","9SA","9SA","A","","HarmonyLot2 US7017",3,17/03/17,25/06/19,"neveub"
"CATQ_9ST","STOMATOLOG","STOMATOLOGIE","9ST","9ST","9ST","9ST","A","","HarmonyLot2 US7017",4,17/03/17,25/06/19,"neveub"
"CATQ_9UT","CODE CSP I","CODE CSP INCONNU","9UT","9UT","9UT","9UT","A","","HarmonyLot2 US7017",3,17/03/17,25/06/19,"neveub"
"CATQ_9VR","CLUB SPORT","CLUB SPORTIF","9VR","9VR","9VR","9VR","A","","HarmonyLot2 US7017",3,17/03/17,25/06/19,"neveub"
"CATQ_9VT","VETERINAIR","VETERINAIRE","9VT","9VT","9VT","9VT","A","","HarmonyLot2 US7017",3,17/03/17,25/06/19,"neveub"
"CATQ_A**","MAG DIET","MAGASINS DIETETIQUES","A**","A**","A**","A**","A","","HarmonyLot2 US7017",3,17/03/17,25/06/19,"neveub"
"CATQ_9CF","CODE CSP I","CODE CSP INCONNU","9CF","9CF","9CF","9CF","A","","HarmonyLot2 US7017",3,17/03/17,25/06/19,"neveub"
"CATQ_9CG","CHIR GENE","CHIRURGIE GENERALE","9CG","9CG","9CG","9CG","A","","HarmonyLot2 US7017",3,17/03/17,25/06/19,"neveub"
"CATQ_MDT","DUTY FREE","DUTY FREE","MDT","MDT","MDT","MDT","A","","HarmonyLot2 US7017",4,05/01/18,25/06/19,"neveub"
"CATQ_RDR","AGENT","DIRECTEUR REGIONAL","RDR","RDR","RDR","RDR","A","","HarmonyLot2 US7017",3,17/03/17,25/06/19,"neveub"
"CATQ_2GN","ONG","ONG PHARMA","2GN","2GN","2GN","2GN","A","","HarmonyLot2 US7017",4,15/11/18,25/06/19,"neveub"
"CATQ_DPP","DENTISTES PP","DENTISTES PERSONNES PHYSIQUES","DPP","DPP","DPP","DPP","A","","HarmonyLot2 US7017",5,30/03/18,25/06/19,"neveub"
"CATQ_MCS","MCS TBD","MCS TBD","MCS","","","MCS","A","","US7017",2,17/04/19,25/04/19,"neveub"
"CATQ_ZDI","DIVERS","DIVERS GENERAL","ZDI","ZDI","ZDI","ZDI","A","","HarmonyLot2 US7017",3,27/04/17,25/06/19,"neveub"
"CATQ_MCA","COMMIS","COMMISSION","MCA","MCA","MCA","MCA","A","","HarmonyLot2 US7017",3,17/04/19,25/06/19,"neveub"
